Workbook

Sheet 日統計模板
A1: 累計客戶數(ALL) | B1: =DATEVALUE(RIGHT('DAY1'!$A4,5)) -> 45986 | D1: 淨客戶數(ALL) | E1: =B1 -> 45986
A2: 台北（第一服務中心） | B2: ='DAY1'!$I7 -> 103579 | D2: 台北（第一服務中心） | E2: ='DAY1'!$H7 -> -15
A3: 台北（第二服務中心） | B3: ='DAY1'!$I8 -> 55758 | D3: 台北（第二服務中心） | E3: ='DAY1'!$H8 -> -3
A4: 台北（第三服務中心） | B4: ='DAY1'!$I9 -> 48476 | D4: 台北（第三服務中心） | E4: ='DAY1'!$H9 -> 0
A5: 台北（第四服務中心） | B5: ='DAY1'!$I10 -> 62182 | D5: 台北（第四服務中心） | E5: ='DAY1'!$H10 -> -4
A6: 新北（第一服務中心） | B6: ='DAY1'!$I11 -> 150221 | D6: 新北（第一服務中心） | E6: ='DAY1'!$H11 -> -15
A7: 新北（第二服務中心） | B7: ='DAY1'!$I12 -> 107816 | D7: 新北（第二服務中心） | E7: ='DAY1'!$H12 -> 11
A8: 基隆 | B8: ='DAY1'!$I13 -> 64655 | D8: 基隆 | E8: ='DAY1'!$H13 -> -19
A9: 桃園 | B9: ='DAY1'!$I14 -> 196222 | D9: 桃園 | E9: ='DAY1'!$H14 -> -23
A10: 新竹 | B10: ='DAY1'!$I15 -> 105597 | D10: 新竹 | E10: ='DAY1'!$H15 -> 10
A11: 苗栗 | B11: ='DAY1'!$I16 -> 51808 | D11: 苗栗 | E11: ='DAY1'!$H16 -> -18
A12: 花蓮 | B12: ='DAY1'!$I17 -> 45536 | D12: 花蓮 | E12: ='DAY1'!$H17 -> -9
A13: 宜蘭 | B13: ='DAY1'!$I18 -> 32309 | D13: 宜蘭 | E13: ='DAY1'!$H18 -> 3
... A25: 全區 | B25: ='DAY1'!$I30 -> 2016473 | D25: 全區 | E25: ='DAY1'!$H30 -> -280
A28: 新裝申請數(ALL) | B28: =B1 -> 45986 | D28: 新裝待裝數 | E28: ALL
A29: 台北（第一服務中心） | B29: ='DAY1'!$D7 -> 13 | D29: 台北（第一服務中心） | E29: ='DAY1'!J7 -> 191
A30: 台北（第二服務中心） | B30: ='DAY1'!$D8 -> 15 | D30: 台北（第二服務中心） | E30: ='DAY1'!J8 -> 101
A31: 台北（第三服務中心） | B31: ='DAY1'!$D9 -> 9 | D31: 台北（第三服務中心） | E31: ='DAY1'!J9 -> 91
A32: 台北（第四服務中心） | B32: ='DAY1'!$D10 -> 16 | D32: 台北（第四服務中心） | E32: ='DAY1'!J10 -> 115
A33: 新北（第一服務中心） | B33: ='DAY1'!$D11 -> 30 | D33: 新北（第一服務中心） | E33: ='DAY1'!J11 -> 256
A34: 新北（第二服務中心） | B34: ='DAY1'!$D12 -> 23 | D34: 新北（第二服務中心） | E34: ='DAY1'!J12 -> 144
A35: 基隆 | B35: ='DAY1'!$D13 -> 5 | D35: 基隆 | E35: ='DAY1'!J13 -> 71
A36: 桃園 | B36: ='DAY1'!$D14 -> 57 | D36: 桃園 | E36: ='DAY1'!J14 -> 309
A37: 新竹 | B37: ='DAY1'!$D15 -> 17 | D37: 新竹 | E37: ='DAY1'!J15 -> 259
A38: 苗栗 | B38: ='DAY1'!$D16 -> 5 | D38: 苗栗 | E38: ='DAY1'!J16 -> 87
A39: 花蓮 | B39: ='DAY1'!$D17 -> 10 | D39: 花蓮 | E39: ='DAY1'!J17 -> 43
A40: 宜蘭 | B40: ='DAY1'!$D18 -> 7 | D40: 宜蘭 | E40: ='DAY1'!J18 -> 52
... A52: 全區 | B52: ='DAY1'!$D30 -> 422 | D52: 全區 | E52: ='DAY1'!J30 -> 3989
A55: 新裝竣工數(ALL) | B55: =B1 -> 45986
A56: 台北（第一服務中心） | B56: ='DAY1'!$E7 -> 19
A57: 台北（第二服務中心） | B57: ='DAY1'!$E8 -> 8
A58: 台北（第三服務中心） | B58: ='DAY1'!$E9 -> 17
A59: 台北（第四服務中心） | B59: ='DAY1'!$E10 -> 15
A60: 新北（第一服務中心） | B60: ='DAY1'!$E11 -> 29
A61: 新北（第二服務中心） | B61: ='DAY1'!$E12 -> 22
A62: 基隆 | B62: ='DAY1'!$E13 -> 10
A63: 桃園 | B63: ='DAY1'!$E14 -> 35
A64: 新竹 | B64: ='DAY1'!$E15 -> 24
A65: 苗栗 | B65: ='DAY1'!$E16 -> 5
A66: 花蓮 | B66: ='DAY1'!$E17 -> 10
A67: 宜蘭 | B67: ='DAY1'!$E18 -> 9
... A79: 全區 | B79: ='DAY1'!$E30 -> 359
A82: 退租申請數(ALL) | B82: =B1 -> 45986
A83: 台北（第一服務中心） | B83: ='DAY1'!K7 -> 23
A84: 台北（第二服務中心） | B84: ='DAY1'!K8 -> 17
A85: 台北（第三服務中心） | B85: ='DAY1'!K9 -> 26
A86: 台北（第四服務中心） | B86: ='DAY1'!K10 -> 12
A87: 新北（第一服務中心） | B87: ='DAY1'!K11 -> 46
A88: 新北（第二服務中心） | B88: ='DAY1'!K12 -> 34
A89: 基隆 | B89: ='DAY1'!K13 -> 18
A90: 桃園 | B90: ='DAY1'!K14 -> 81
A91: 新竹 | B91: ='DAY1'!K15 -> 28
A92: 苗栗 | B92: ='DAY1'!K16 -> 14
A93: 花蓮 | B93: ='DAY1'!K17 -> 8
A94: 宜蘭 | B94: ='DAY1'!K18 -> 5
... A106: 全區 | B106: ='DAY1'!K30 -> 553
A109: 退租竣工數(ALL) | B109: =B1 -> 45986
A110: 台北（第一服務中心） | B110: ='DAY1'!$G7 -> 32
A111: 台北（第二服務中心） | B111: ='DAY1'!$G8 -> 13
A112: 台北（第三服務中心） | B112: ='DAY1'!$G9 -> 17
A113: 台北（第四服務中心） | B113: ='DAY1'!$G10 -> 17
A114: 新北（第一服務中心） | B114: ='DAY1'!$G11 -> 40
A115: 新北（第二服務中心） | B115: ='DAY1'!$G12 -> 12
A116: 基隆 | B116: ='DAY1'!$G13 -> 29
A117: 桃園 | B117: ='DAY1'!$G14 -> 52
A118: 新竹 | B118: ='DAY1'!$G15 -> 15
A119: 苗栗 | B119: ='DAY1'!$G16 -> 23
A120: 花蓮 | B120: ='DAY1'!$G17 -> 19
A121: 宜蘭 | B121: ='DAY1'!$G18 -> 6
... A133: 全區 | B133: ='DAY1'!$G30 -> 625
A136: 新裝註銷數(ALL) | B136: =B1 -> 45986
A137: 台北（第一服務中心） | B137: ='DAY1'!$F7 -> 2
A138: 台北（第二服務中心） | B138: ='DAY1'!$F8 -> 0
A139: 台北（第三服務中心） | B139: ='DAY1'!$F9 -> 2
A140: 台北（第四服務中心） | B140: ='DAY1'!$F10 -> 1
A141: 新北（第一服務中心） | B141: ='DAY1'!$F11 -> 8
A142: 新北（第二服務中心） | B142: ='DAY1'!$F12 -> 7
A143: 基隆 | B143: ='DAY1'!$F13 -> 3
A144: 桃園 | B144: ='DAY1'!$F14 -> 9
A145: 新竹 | B145: ='DAY1'!$F15 -> 0
A146: 苗栗 | B146: ='DAY1'!$F16 -> 1
A147: 花蓮 | B147: ='DAY1'!$F17 -> 1
A148: 宜蘭 | B148: ='DAY1'!$F18 -> 0
... A160: 全區 | B160: ='DAY1'!$F30 -> 47
A163: 累計客戶數(消客) | B163: =B1 -> 45986 | D163: 淨客戶數(ALL) | E163: =B163 -> 45986
A164: 台北（第一服務中心） | B164: ='DAY1'!$I91 -> 92417 | D164: 台北（第一服務中心） | E164: ='DAY1'!$H91 -> -14
A165: 台北（第二服務中心） | B165: ='DAY1'!$I92 -> 48833 | D165: 台北（第二服務中心） | E165: ='DAY1'!$H92 -> -2
A166: 台北（第三服務中心） | B166: ='DAY1'!$I93 -> 36564 | D166: 台北（第三服務中心） | E166: ='DAY1'!$H93 -> 3
A167: 台北（第四服務中心） | B167: ='DAY1'!$I94 -> 56655 | D167: 台北（第四服務中心） | E167: ='DAY1'!$H94 -> -3
A168: 新北（第一服務中心） | B168: ='DAY1'!$I95 -> 138925 | D168: 新北（第一服務中心） | E168: ='DAY1'!$H95 -> -15
A169: 新北（第二服務中心） | B169: ='DAY1'!$I96 -> 97459 | D169: 新北（第二服務中心） | E169: ='DAY1'!$H96 -> 9
A170: 基隆 | B170: ='DAY1'!$I97 -> 60389 | D170: 基隆 | E170: ='DAY1'!$H97 -> -18
A171: 桃園 | B171: ='DAY1'!$I98 -> 176300 | D171: 桃園 | E171: ='DAY1'!$H98 -> -32
A172: 新竹 | B172: ='DAY1'!$I99 -> 93720 | D172: 新竹 | E172: ='DAY1'!$H99 -> 8
A173: 苗栗 | B173: ='DAY1'!$I100 -> 47564 | D173: 苗栗 | E173: ='DAY1'!$H100 -> -18
A174: 花蓮 | B174: ='DAY1'!$I101 -> 39786 | D174: 花蓮 | E174: ='DAY1'!$H101 -> -9
A175: 宜蘭 | B175: ='DAY1'!$I102 -> 27456 | D175: 宜蘭 | E175: ='DAY1'!$H102 -> 3
... A187: 全區 | B187: ='DAY1'!$I114 -> 1805983 | D187: 全區 | E187: ='DAY1'!$H114 -> -239
A190: 新裝申請數(消客) | B190: =B1 -> 45986
A191: 台北（第一服務中心） | B191: ='DAY1'!$D91 -> 12
...

Sheet 無上網日統計模板
A1: 累計客戶數(ALL) | B1: =日統計模板!B1 -> 45986
A2: 台北（第一服務中心） | B2: ='DAY1'!$H64 -> 8058
A3: 台北（第二服務中心） | B3: ='DAY1'!$H65 -> 2745
A4: 台北（第三服務中心） | B4: ='DAY1'!$H66 -> 3685
A5: 台北（第四服務中心） | B5: ='DAY1'!$H67 -> 4909
A6: 新北（第一服務中心） | B6: ='DAY1'!$H68 -> 12699
A7: 新北（第二服務中心） | B7: ='DAY1'!$H69 -> 7132
A8: 基隆 | B8: ='DAY1'!$H70 -> 8353
A9: 桃園 | B9: ='DAY1'!$H71 -> 21524
A10: 新竹 | B10: ='DAY1'!$H72 -> 15044
A11: 苗栗 | B11: ='DAY1'!$H73 -> 7466
A12: 花蓮 | B12: ='DAY1'!$H74 -> 12461
A13: 宜蘭 | B13: ='DAY1'!$H75 -> 6325
A14: 北區 | B14: =SUM(B2:B13) -> 110401
A15: 臺中 | B15: ='DAY1'!$H76 -> 30680
A16: 彰化 | B16: ='DAY1'!$H77 -> 6928
A17: 南投 | B17: ='DAY1'!$H78 -> 9119
A18: 雲林 | B18: ='DAY1'!$H79 -> 6817
A19: 嘉義 | B19: ='DAY1'!$H80 -> 10941
A20: 台南 | B20: ='DAY1'!$H81 -> 26822
A21: 高雄 | B21: ='DAY1'!$H82 -> 32211
A22: 屏東 | B22: ='DAY1'!$H83 -> 15502
A23: 台東 | B23: ='DAY1'!$H84 -> 7628
A24: 南區 | B24: =SUM(B15:B23) -> 146648
A25: 全區 | B25: =B14+B24 -> 257049
A28: 新裝申請數(ALL) | B28: =B1 -> 45986
A29: 台北（第一服務中心） | B29: ='DAY1'!$D64 -> 0
A30: 台北（第二服務中心） | B30: ='DAY1'!$D65 -> 0
A31: 台北（第三服務中心） | B31: ='DAY1'!$D66 -> 2
A32: 台北（第四服務中心） | B32: ='DAY1'!$D67 -> 0
A33: 新北（第一服務中心） | B33: ='DAY1'!$D68 -> 1
A34: 新北（第二服務中心） | B34: ='DAY1'!$D69 -> 3
A35: 基隆 | B35: ='DAY1'!$D70 -> 0
A36: 桃園 | B36: ='DAY1'!$D71 -> 2
A37: 新竹 | B37: ='DAY1'!$D72 -> 1
A38: 苗栗 | B38: ='DAY1'!$D73 -> 1
A39: 花蓮 | B39: ='DAY1'!$D74 -> 2
A40: 宜蘭 | B40: ='DAY1'!$D75 -> 0
A41: 北區 | B41: =SUM(B29:B40) -> 12
A42: 臺中 | B42: ='DAY1'!$D76 -> 7
A43: 彰化 | B43: ='DAY1'!$D77 -> 0
A44: 南投 | B44: ='DAY1'!$D78 -> 0
A45: 雲林 | B45: ='DAY1'!$D79 -> 2
A46: 嘉義 | B46: ='DAY1'!$D80 -> 1
A47: 台南 | B47: ='DAY1'!$D81 -> 0
A48: 高雄 | B48: ='DAY1'!$D82 -> 2
A49: 屏東 | B49: ='DAY1'!$D83 -> 3
A50: 台東 | B50: ='DAY1'!$D84 -> 2
A51: 南區 | B51: =SUM(B42:B50) -> 17
A52: 全區 | B52: =B41+B51 -> 29
A55: 新裝竣工數(ALL) | B55: =B1 -> 45986
A56: 台北（第一服務中心） | B56: ='DAY1'!$E64 -> 1
A57: 台北（第二服務中心） | B57: ='DAY1'!$E65 -> 0
A58: 台北（第三服務中心） | B58: ='DAY1'!$E66 -> 0
A59: 台北（第四服務中心） | B59: ='DAY1'!$E67 -> 1
A60: 新北（第一服務中心） | B60: ='DAY1'!$E68 -> 0
A61: 新北（第二服務中心） | B61: ='DAY1'!$E69 -> 0
A62: 基隆 | B62: ='DAY1'!$E70 -> 0
A63: 桃園 | B63: ='DAY1'!$E71 -> 5
A64: 新竹 | B64: ='DAY1'!$E72 -> 1
A65: 苗栗 | B65: ='DAY1'!$E73 -> 2
A66: 花蓮 | B66: ='DAY1'!$E74 -> 1
A67: 宜蘭 | B67: ='DAY1'!$E75 -> 3
A68: 北區 | B68: =SUM(B56:B67) -> 14
A69: 臺中 | B69: ='DAY1'!$E76 -> 12
A70: 彰化 | B70: ='DAY1'!$E77 -> 0
A71: 南投 | B71: ='DAY1'!$E78 -> 1
A72: 雲林 | B72: ='DAY1'!$E79 -> 0
A73: 嘉義 | B73: ='DAY1'!$E80 -> 0
A74: 台南 | B74: ='DAY1'!$E81 -> 2
A75: 高雄 | B75: ='DAY1'!$E82 -> 1
A76: 屏東 | B76: ='DAY1'!$E83 -> 0
A77: 台東 | B77: ='DAY1'!$E84 -> 0
A78: 南區 | B78: =SUM(B69:B77) -> 16
A79: 全區 | B79: =B68+B78 -> 30
A82: 退租申請數(ALL) | B82: =B1 -> 45986
A83: 台北（第一服務中心） | B83: ='DAY1'!I64 -> 1
A84: 台北（第二服務中心） | B84: ='DAY1'!I65 -> 2
A85: 台北（第三服務中心） | B85: ='DAY1'!I66 -> 0
A86: 台北（第四服務中心） | B86: ='DAY1'!I67 -> 1
A87: 新北（第一服務中心） | B87: ='DAY1'!I68 -> 4
A88: 新北（第二服務中心） | B88: ='DAY1'!I69 -> 3
A89: 基隆 | B89: ='DAY1'!I70 -> 3
A90: 桃園 | B90: ='DAY1'!I71 -> 7
A91: 新竹 | B91: ='DAY1'!I72 -> 3
A92: 苗栗 | B92: ='DAY1'!I73 -> 1
A93: 花蓮 | B93: ='DAY1'!I74 -> 1
A94: 宜蘭 | B94: ='DAY1'!I75 -> 2
A95: 北區 | B95: =SUM(B83:B94) -> 28
A96: 臺中 | B96: ='DAY1'!I76 -> 12
A97: 彰化 | B97: ='DAY1'!I77 -> 2
A98: 南投 | B98: ='DAY1'!I78 -> 3
A99: 雲林 | B99: ='DAY1'!I79 -> 2
A100: 嘉義 | B100: ='DAY1'!I80 -> 1
A101: 台南 | B101: ='DAY1'!I81 -> 6
A102: 高雄 | B102: ='DAY1'!I82 -> 10
A103: 屏東 | B103: ='DAY1'!I83 -> 6
A104: 台東 | B104: ='DAY1'!I84 -> 2
A105: 南區 | B105: =SUM(B96:B104) -> 44
A106: 全區 | B106: =B95+B105 -> 72
...

Sheet DAY1
A4: 統計日期: 2025/11/25
A5: 統計條件: 事業群:全部
A6: 序號 | B6: 營運處 | C6: 大服 | D6: 申請數 | E6: 竣工數 | F6: 註銷數 | G6: 退租數 | H6: 客戶數 | I6: 總客戶數 | J6: 待裝數 | K6: 退租申請數
A7: 1 | B7: 台北 | C7: 一服 | D7: 13 | E7: 19 | F7: 2 | G7: 32 | H7: -15 | I7: 103579 | J7: 191 | K7: 23
A8: 1 | B8: 台北 | C8: 二服 | D8: 15 | E8: 8 | F8: 0 | G8: 13 | H8: -3 | I8: 55758 | J8: 101 | K8: 17
A9: 1 | B9: 台北 | C9: 三服 | D9: 9 | E9: 17 | F9: 2 | G9: 17 | H9: 0 | I9: 48476 | J9: 91 | K9: 26
A10: 1 | B10: 台北 | C10: 四服 | D10: 16 | E10: 15 | F10: 1 | G10: 17 | H10: -4 | I10: 62182 | J10: 115 | K10: 12
A11: 2 | B11: 新北 | C11: 一服 | D11: 30 | E11: 29 | F11: 8 | G11: 40 | H11: -15 | I11: 150221 | J11: 256 | K11: 46
A12: 2 | B12: 新北 | C12: 二服 | D12: 23 | E12: 22 | F12: 7 | G12: 12 | H12: 11 | I12: 107816 | J12: 144 | K12: 34
A13: 3 | B13: 基隆 | D13: 5 | E13: 10 | F13: 3 | G13: 29 | H13: -19 | I13: 64655 | J13: 71 | K13: 18
A14: 4 | B14: 桃園 | D14: 57 | E14: 35 | F14: 9 | G14: 52 | H14: -23 | I14: 196222 | J14: 309 | K14: 81
A15: 5 | B15: 新竹 | D15: 17 | E15: 24 | F15: 0 | G15: 15 | H15: 10 | I15: 105597 | J15: 259 | K15: 28
A16: 6 | B16: 苗栗 | D16: 5 | E16: 5 | F16: 1 | G16: 23 | H16: -18 | I16: 51808 | J16: 87 | K16: 14
A17: 7 | B17: 花蓮 | D17: 10 | E17: 10 | F17: 1 | G17: 19 | H17: -9 | I17: 45536 | J17: 43 | K17: 8
A18: 8 | B18: 宜蘭 | D18: 7 | E18: 9 | F18: 0 | G18: 6 | H18: 3 | I18: 32309 | J18: 52 | K18: 5
B19: 北區 | D19: 207 | E19: 203 | F19: 34 | G19: 275 | H19: -82 | I19: 1024159 | J19: 1719 | K19: 312
A20: 10 | B20: 臺中 | D20: 46 | E20: 51 | F20: 1 | G20: 71 | H20: -20 | I20: 252178 | J20: 428 | K20: 55
A21: 11 | B21: 彰化 | D21: 17 | E21: 14 | F21: 2 | G21: 18 | H21: -6 | I21: 85777 | J21: 177 | K21: 24
A22: 12 | B22: 南投 | D22: 9 | E22: 13 | F22: 1 | G22: 11 | H22: 0 | I22: 47696 | J22: 124 | K22: 11
A23: 13 | B23: 雲林 | D23: 20 | E23: 11 | F23: 3 | G23: 11 | H23: -1 | I23: 56358 | J23: 144 | K23: 12
A24: 14 | B24: 嘉義 | D24: 22 | E24: 11 | F24: 2 | G24: 66 | H24: -55 | I24: 71968 | J24: 160 | K24: 12
A25: 15 | B25: 台南 | D25: 44 | E25: 22 | F25: 4 | G25: 59 | H25: -38 | I25: 177763 | J25: 442 | K25: 43
A26: 16 | B26: 高雄 | D26: 44 | E26: 32 | F26: 0 | G26: 82 | H26: -49 | I26: 220239 | J26: 566 | K26: 51
A27: 17 | B27: 屏東 | D27: 7 | E27: 2 | F27: 0 | G27: 22 | H27: -19 | I27: 57550 | J27: 143 | K27: 23
A28: 18 | B28: 台東 | D28: 6 | E28: 0 | F28: 0 | G28: 10 | H28: -10 | I28: 22785 | J28: 86 | K28: 10
B29: 南區 | D29: 215 | E29: 156 | F29: 13 | G29: 350 | H29: -198 | I29: 992314 | J29: 2270 | K29: 241
B30: 總計 | D30: 422 | E30: 359 | F30: 47 | G30: 625 | H30: -280 | I30: 2016473 | J30: 3989 | K30: 553
A33: 統計日期: 2025/11/25
A34: 統計條件: 事業群:全部
A35: 序號 | B35: 營運處 | C35: 服務 | D35: 2機 | E35: 3機 | F35: 4機
A36: 1 | B36: 台北 | C36: 一服 | D36: 8958 | E36: 1663 | F36: 585
A37: 1 | B37: 台北 | C37: 二服 | D37: 4145 | E37: 755 | F37: 230
A38: 1 | B38: 台北 | C38: 三服 | D38: 3190 | E38: 607 | F38: 218
A39: 1 | B39: 台北 | C39: 四服 | D39: 4678 | E39: 782 | F39: 235
A40: 2 | B40: 新北 | C40: 一服 | D40: 13022 | E40: 2113 | F40: 655
A41: 2 | B41: 新北 | C41: 二服 | D41: 8962 | E41: 1625 | F41: 495
A42: 3 | B42: 基隆 | D42: 7783 | E42: 1214 | F42: 352
A43: 4 | B43: 桃園 | D43: 25929 | E43: 4593 | F43: 1496
A44: 5 | B44: 新竹 | D44: 17216 | E44: 2400 | F44: 702
A45: 6 | B45: 苗栗 | D45: 8943 | E45: 1679 | F45: 575
A46: 7 | B46: 花蓮 | D46: 10992 | E46: 2297 | F46: 1059
A47: 8 | B47: 宜蘭 | D47: 5226 | E47: 1192 | F47: 465
A48: 10 | B48: 臺中 | D48: 37367 | E48: 6838 | F48: 2366
A49: 11 | B49: 彰化 | D49: 11391 | E49: 2153 | F49: 610
A50: 12 | B50: 南投 | D50: 7260 | E50: 1100 | F50: 345
A51: 13 | B51: 雲林 | D51: 8022 | E51: 1361 | F51: 391
A52: 14 | B52: 嘉義 | D52: 10516 | E52: 2000 | F52: 621
A53: 15 | B53: 台南 | D53: 32082 | E53: 6146 | F53: 2503
... A56: 18 | B56: 台東 | D56: 4881 | E56: 1140 | F56: 578
D57: 269832 | E57: 49145 | F57: 17438
A60: 統計日期: 2025/11/25
A61: 統計條件: 事業群:全部
A62: MOD不上網申請竣工退租統計
A63: 序號 | B63: 營運處 | C63: 大服 | D63: 申請數 | E63: 竣工數 | F63: 註銷數 | G63: 退租數 | H63: 客戶數 | I63: 退租申請數
A64: 1 | B64: 台北 | C64: 一服 | D64: 0 | E64: 1 | F64: 0 | G64: 1 | H64: 8058 | I64: 1
A65: 1 | B65: 台北 | C65: 二服 | D65: 0 | E65: 0 | F65: 0 | G65: 1 | H65: 2745 | I65: 2
A66: 1 | B66: 台北 | C66: 三服 | D66: 2 | E66: 0 | F66: 0 | G66: 2 | H66: 3685 | I66: 0
A67: 1 | B67: 台北 | C67: 四服 | D67: 0 | E67: 1 | F67: 0 | G67: 2 | H67: 4909 | I67: 1
A68: 2 | B68: 新北 | C68: 一服 | D68: 1 | E68: 0 | F68: 1 | G68: 7 | H68: 12699 | I68: 4
A69: 2 | B69: 新北 | C69: 二服 | D69: 3 | E69: 0 | F69: 0 | G69: 2 | H69: 7132 | I69: 3
A70: 3 | B70: 基隆 | D70: 0 | E70: 0 | F70: 0 | G70: 5 | H70: 8353 | I70: 3
A71: 4 | B71: 桃園 | D71: 2 | E71: 5 | F71: 0 | G71: 2 | H71: 21524 | I71: 7
A72: 5 | B72: 新竹 | D72: 1 | E72: 1 | F72: 0 | G72: 5 | H72: 15044 | I72: 3
A73: 6 | B73: 苗栗 | D73: 1 | E73: 2 | F73: 1 | G73: 1 | H73: 7466 | I73: 1
A74: 7 | B74: 花蓮 | D74: 2 | E74: 1 | F74: 0 | G74: 6 | H74: 12461 | I74: 1
A75: 8 | B75: 宜蘭 | D75: 0 | E75: 3 | F75: 0 | G75: 0 | H75: 6325 | I75: 2
A76: 10 | B76: 臺中 | D76: 7 | E76: 12 | F76: 0 | G76: 7 | H76: 30680 | I76: 12
A77: 11 | B77: 彰化 | D77: 0 | E77: 0 | F77: 1 | G77: 3 | H77: 6928 | I77: 2
A78: 12 | B78: 南投 | D78: 0 | E78: 1 | F78: 0 | G78: 4 | H78: 9119 | I78: 3
A79: 13 | B79: 雲林 | D79: 2 | E79: 0 | F79: 1 | G79: 1 | H79: 6817 | I79: 2
A80: 14 | B80: 嘉義 | D80: 1 | E80: 0 | F80: 0 | G80: 55 | H80: 10941 | I80: 1
A81: 15 | B81: 台南 | D81: 0 | E81: 2 | F81: 0 | G81: 8 | H81: 26822 | I81: 6
... A84: 18 | B84: 台東 | D84: 2 | E84: 0 | F84: 0 | G84: 4 | H84: 7628 | I84: 2
A88: 統計日期: 2025/11/25
A89: 統計條件: 事業群:A
A90: 序號 | B90: 營運處 | C90: 大服 | D90: 申請數 | E90: 竣工數 | F90: 註銷數 | G90: 退租數 | H90: 客戶數 | I90: 總客戶數 | J90: 待裝數 | K90: 退租申請數
A91: 1 | B91: 台北 | C91: 一服 | D91: 12 | E91: 17 | F91: 2 | G91: 28 | H91: -14 | I91: 92417 | J91: 173 | K91: 19
A92: 1 | B92: 台北 | C92: 二服 | D92: 14 | E92: 6 | F92: 0 | G92: 10 | H92: -2 | I92: 48833 | J92: 88 | K92: 14
A93: 1 | B93: 台北 | C93: 三服 | D93: 7 | E93: 14 | F93: 2 | G93: 11 | H93: 3 | I93: 36564 | J93: 83 | K93: 18
A94: 1 | B94: 台北 | C94: 四服 | D94: 15 | E94: 14 | F94: 1 | G94: 16 | H94: -3 | I94: 56655 | J94: 105 | K94: 11
A95: 2 | B95: 新北 | C95: 一服 | D95: 27 | E95: 24 | F95: 7 | G95: 35 | H95: -15 | I95: 138925 | J95: 230 | K95: 41
A96: 2 | B96: 新北 | C96: 二服 | D96: 21 | E96: 22 | F96: 7 | G96: 11 | H96: 9 | I96: 97459 | J96: 127 | K96: 31
A97: 3 | B97: 基隆 | D97: 5 | E97: 10 | F97: 3 | G97: 28 | H97: -18 | I97: 60389 | J97: 67 | K97: 16
A98: 4 | B98: 桃園 | D98: 53 | E98: 26 | F98: 7 | G98: 50 | H98: -32 | I98: 176300 | J98: 262 | K98: 78
A99: 5 | B99: 新竹 | D99: 17 | E99: 21 | F99: 0 | G99: 15 | H99: 8 | I99: 93720 | J99: 201 | K99: 24
A100: 6 | B100: 苗栗 | D100: 5 | E100: 5 | F100: 1 | G100: 22 | H100: -18 | I100: 47564 | J100: 82 | K100: 12
A101: 7 | B101: 花蓮 | D101: 10 | E101: 10 | F101: 1 | G101: 19 | H101: -9 | I101: 39786 | J101: 42 | K101: 6
A102: 8 | B102: 宜蘭 | D102: 7 | E102: 9 | F102: 0 | G102: 6 | H102: 3 | I102: 27456 | J102: 47 | K102: 5
B103: 北區 | D103: 193 | E103: 178 | F103: 31 | G103: 251 | H103: -88 | I103: 916068 | J103: 1507 | K103: 275
A104: 10 | B104: 臺中 | D104: 41 | E104: 37 | F104: 1 | G104: 65 | H104: -27 | I104: 226772 | J104: 348 | K104: 39
A105: 11 | B105: 彰化 | D105: 16 | E105: 14 | F105: 2 | G105: 17 | H105: -6 | I105: 79039 | J105: 165 | K105: 22
A106: 12 | B106: 南投 | D106: 9 | E106: 13 | F106: 1 | G106: 8 | H106: 3 | I106: 42384 | J106: 121 | K106: 11
A107: 13 | B107: 雲林 | D107: 18 | E107: 10 | F107: 3 | G107: 11 | H107: -2 | I107: 52374 | J107: 140 | K107: 12
A108: 14 | B108: 嘉義 | D108: 20 | E108: 11 | F108: 2 | G108: 16 | H108: -5 | I108: 64576 | J108: 155 | K108: 11
A109: 15 | B109: 台南 | D109: 40 | E109: 21 | F109: 3 | G109: 56 | H109: -37 | I109: 159562 | J109: 389 | K109: 41
A110: 16 | B110: 高雄 | D110: 42 | E110: 29 | F110: 0 | G110: 81 | H110: -52 | I110: 194346 | J110: 489 | K110: 46
A111: 17 | B111: 屏東 | D111: 7 | E111: 2 | F111: 0 | G111: 21 | H111: -18 | I111: 52160 | J111: 134 | K111: 23
A112: 18 | B112: 台東 | D112: 6 | E112: 0 | F112: 0 | G112: 7 | H112: -7 | I112: 18702 | J112: 81 | K112: 10
B113: 南區 | D113: 199 | E113: 137 | F113: 12 | G113: 282 | H113: -151 | I113: 889915 | J113: 2022 | K113: 215
B114: 總計 | D114: 392 | E114: 315 | F114: 43 | G114: 533 | H114: -239 | I114: 1805983 | J114: 3529 | K114: 490
...
